"","V1","V2"
"1",-3.53987437979994,-1.35914832264035
"2",-0.509178819706784,-0.334212154255114
"3",-1.92560385497482,-1.41847645354849
"4",-0.647326169065838,-0.35942445045168
"5",-1.77927882343489,-0.64930721251964
"6",-0.802309338152585,-1.76347581404802
"7",0.175908392463887,1.30728312505354
"8",-0.590970675417372,-0.709291281026726
"9",-0.397303943114167,-1.75843394742656
"10",-0.263150962937249,-2.13153089463869
"11",-0.0783384308386628,-0.183850729236699
"12",-1.98763251235918,-1.1845363932382
"13",1.87471683860617,0.532451002087605
"14",-1.77177105553326,-2.32266288129352
"15",-1.04749567850676,-0.524342929892283
"16",-0.83027962947891,-0.716442147116068
"17",0.282212606886633,1.14028570848853
"18",-1.31980548625797,-0.778726344611767
"19",-0.15051789483468,0.0645620632546403
"20",-1.90357993988766,-0.887369173989325
"21",-0.114111229233167,-0.568669108653307
"22",1.66867327992775,0.271736550236817
"23",0.379413513697431,0.264411812042479
"24",1.75467628012374,0.139346988307639
"25",0.168226977688173,0.437075441491687
"26",-0.579061882841034,-1.48944574790664
"27",-1.61266296280941,-1.71663359293509
"28",-0.530403906929791,-0.74489550310866
"29",-0.699544172049399,-0.29698143544833
"30",0.328186476785568,-0.0290288025597498
"31",-0.228284257702147,-0.121638841272737
"32",1.80935432501609,0.855552551373933
"33",-1.67723575016482,-0.811423893304981
"34",0.74735531436215,1.59215175541138
"35",0.604197055651437,0.462577142882931
"36",0.236563247936834,0.143112422600799
"37",-0.794750746601173,-0.516430710548186
"38",-1.41335285446038,-0.354112638373283
"39",0.136062767202206,1.82409733548887
"40",1.49263446637301,0.908895531300799
"41",-1.47521091094716,-0.687115056321332
"42",0.0839608842581222,0.0358246549852651
"43",-0.544987317501151,-0.370582686635321
"44",1.21254874441763,0.589938605566496
"45",-0.565744853929777,-0.353213715326106
"46",0.926432678046298,0.817875152920675
"47",-0.908140866599929,-1.76427959585482
"48",-0.297527177223798,-0.869387930236885
"49",1.01010671587469,2.05980863831812
"50",0.248768578880778,0.377272849544538
"51",-2.17537231383292,-0.984901243010217
"52",1.3981952081948,1.62855770803609
"53",-0.710785793409406,-1.18818902074479
"54",1.89416611536078,1.90454800095683
"55",0.345118308177249,1.20214805524112
"56",0.669765600080798,1.44222579219425
"57",-1.37612065735944,-0.922700685872665
"58",0.424335603012783,0.37550973953
"59",-0.833971748336555,-1.71687698017256
"60",2.2408274664778,1.39027211924792
"61",0.121736933409424,1.11720413257956
"62",-1.13868890266919,-0.189960999166983
"63",0.396039296987538,1.05701525128306
"64",-2.73352220709062,-2.2660746628532
"65",-1.06149943837834,-0.435810837644441
"66",0.087717529854556,-0.690696116476898
"67",0.119353407374658,0.281179660918526
"68",1.88474390910213,1.15135480752341
"69",-0.0634259598161355,-0.183191002353675
"70",0.189385727210974,0.577091394420158
"71",-0.126977512026447,-0.722138047156447
"72",0.098035203745179,0.253614507247758
"73",0.269287410430774,0.207073444050315
"74",-1.4365993293121,-1.44457615816025
"75",-0.791530535131079,-0.975676905590922
"76",0.740037376449935,0.535270541616541
"77",0.759514613502069,0.995643266227704
"78",-0.53934823447739,-0.846802310122402
"79",0.0346790894711356,0.112662574297437
"80",-0.189008055663509,-0.992537368133166
"81",0.117417914487262,-0.0307615299675067
"82",-0.401004598887163,-0.927639948130331
"83",-1.08816397041261,-0.184241082497684
"84",-0.185149585397411,-0.621161793349932
"85",-0.69031395100638,-0.607947757984798
"86",0.891796765031081,0.827366338806968
"87",1.03836651485377,1.40603301605704
"88",-1.11048474049038,-0.0937459013179621
"89",-0.186070607563892,-0.0672758336401124
"90",1.49845582155976,1.33240516598058
"91",0.38719667769119,1.2395148490694
"92",-0.167680000373839,0.0555053486660531
"93",0.309084278258844,0.222812957248216
"94",0.453061307658796,0.818930021152192
"95",-2.16321488928652,-1.09251600328603
"96",0.871811966858289,0.661518461594974
"97",0.64987300648592,0.436563806808575
"98",0.473151344881471,0.366152557212543
"99",1.40565744222455,1.8785666021179
"100",-1.5214594284572,-2.99273360700135
"101",0.784516928684771,0.834682999739769
"102",0.0338645076612864,0.134609388267499
"103",0.00375474666933858,0.075547336284682
"104",-1.25038396551526,-1.24192690050708
"105",-1.50745843431659,-1.93526970823429
"106",1.65682198319552,1.42928936925544
"107",-2.18758234661526,-2.1565133549086
"108",0.751399626254839,1.39841304170442
"109",-1.29429537066926,-1.27399900268631
"110",1.1267585195844,0.599290731624662
"111",1.70846586989922,1.09132703122196
"112",-1.36591833394561,-1.34858567321168
"113",0.897106363683569,0.838431554475511
"114",-1.08758292276277,-2.13846764108974
"115",0.0608919987871714,0.11105065635248
"116",-0.915040821419911,-0.14770283928362
"117",-1.42557919808333,-1.01642765068578
"118",0.367548039365932,0.783925595751101
"119",0.541336845331272,1.88611541907231
"120",-1.20390729503992,-0.929848366692343
"121",-0.320139425392174,-0.0475385481821692
"122",1.35536433631881,0.783563602286094
"123",-0.969314271885322,-0.459572996606415
"124",-0.1659835521348,-0.451292669344685
"125",1.6483190852505,1.60059353190826
"126",0.334287252021698,0.194509029361469
"127",-1.05044682120512,-0.15967714079827
"128",-0.890443420867134,-0.664285498271985
"129",-0.544898867673515,-0.497139806376398
"130",-1.27981411126699,-0.889187427604656
"131",-0.0530961659817809,0.484369841879888
"132",-0.852992871717049,-0.383729933522044
"133",-1.03026444183728,-0.367951548525761
"134",0.348604955508703,1.2075884619672
"135",0.106268382250983,0.28840764704723
"136",-0.574435287880111,-1.31572389923067
"137",1.75692746342207,1.59752757210079
"138",1.15285984232017,2.35985144596759
"139",0.949932073281138,1.79520274468483
"140",0.308446843123784,0.6378543523531
"141",-0.598844488649549,-0.594734589965914
"142",-0.626708348829406,-0.292981101694826
"143",0.545637704127604,0.580228951228123
"144",-0.614976258258885,-0.217032678472006
"145",-2.78478565397086,-1.4567373287065
"146",-0.438784428570435,-0.424916979454716
"147",1.70010023944843,0.267559420896291
"148",-0.482521147892053,-0.0903287543367447
"149",0.25218943559477,0.392803385961215
"150",0.248705237634886,0.123419682451311
"151",0.24529634548385,1.31750611314427
"152",0.170786496576722,-0.525081006065873
"153",1.31601771227989,0.999414823901219
"154",-1.52183821148302,-1.01924527751108
"155",0.0973408515605895,0.0136791956442853
"156",-1.62601749942272,-0.684403139213801
"157",0.936510787654891,0.260819889022729
"158",-0.0561706477919793,-0.164902044902193
"159",-0.521809998333166,-0.514951702342776
"160",-0.350711916247578,-1.09504474087597
"161",-1.56641243585053,-2.64857000253004
"162",0.153358337044308,0.350584460046552
"163",0.86674183712012,0.295904673194287
"164",-0.554940535016167,-0.775020457758489
"165",1.35842138874875,0.876669898545545
"166",1.35141121025822,0.174121187006528
"167",0.0769872326292686,0.111717611416754
"168",-0.217503997364639,-0.116699918583834
"169",0.705906361631868,1.39238389149392
"170",-1.4276991784687,-1.94335693667964
"171",2.43445594376639,0.253405746121588
"172",0.20975442724127,0.0701257498705758
"173",-0.906935855475226,-0.563959236070975
"174",-0.162476112920772,-0.79314009307858
"175",0.0119682538254097,0.103590033556984
"176",1.1159105273605,2.55420471604746
"177",-0.478528000564743,-0.778072918035835
"178",0.443652982937555,0.447911045022267
"179",2.06587068552427,0.328788506535082
"180",-0.802318886391203,-0.224401585839433
"181",0.018396322491163,0.684926547707541
"182",0.437546291738011,1.77588747105438
"183",-0.00516192118368619,-0.0784077872076553
"184",-0.554727689458855,-0.333156699403068
"185",1.47269182087964,1.54089340790247
"186",-1.33201821494589,-1.14165102149311
"187",-1.26487924775678,-2.04083601996962
"188",1.34489718638801,0.560639845496159
"189",1.25473029600405,0.45407912404983
"190",-0.120649424075693,-0.247094163683887
"191",0.624121619157418,0.37133227181119
"192",-1.44057473968407,-1.6564918653121
"193",0.442217430714303,0.794172780747614
"194",-0.119931482942332,-0.0429336020801712
"195",0.764249120826121,0.484890200105398
"196",0.00639655637530097,-0.0455148865698042
"197",-0.592820421146232,-0.26549960514984
"198",-1.41229595731621,-0.61119099745882
"199",0.665124018418708,0.143319236859804
"200",0.669728619403025,0.11473547614768
"201",-0.826965864449946,-0.262273205168461
"202",-1.44101521773155,-1.60152319884287
"203",0.409883649633693,1.37419274468045
"204",2.08800105026818,0.567251361152244
"205",-0.500783437834447,-0.722614503476262
"206",-0.583293899559254,-0.58837919106398
"207",1.20984012544182,1.24608250499762
"208",0.302286556040683,0.461238479384879
"209",-0.0642667367925205,-0.0839020558420146
"210",0.373072700352096,0.132358207642117
"211",0.0381243735729702,0.48999744075148
"212",-0.166706392206127,-0.443610453414358
"213",0.0759118023115772,0.533590781652957
"214",-0.927082311417937,-0.788113845050799
"215",-0.0209715466429242,0.165682990298505
"216",-1.79515728149475,-1.58511342872633
"217",-0.689799129486987,-0.454968103327526
"218",1.06741113348826,0.283255690838444
"219",-0.394537004887158,-0.590457717399725
"220",-0.130384272204371,-0.433848420964972
"221",-0.898332694069276,-1.73974426672199
"222",-0.397525121852572,-0.618312015349127
"223",0.606670206514778,1.59409152404519
"224",0.266607957169027,0.06942625722429
"225",0.433883754879084,0.540389887382021
"226",-0.108489633792548,-0.0214231177204155
"227",0.403761489721728,1.65171461184144
"228",0.462867542643855,0.0992173470274759
"229",1.06294203386187,1.88423448726976
"230",-2.55066129895945,-1.27625927962665
"231",0.463327075074888,1.31170189308282
"232",0.00418036273744888,-0.333711826094085
"233",-1.04253562271331,-0.532924335720189
"234",1.06896880491793,0.72468623460333
"235",-1.23750160490074,-1.1328324510856
"236",0.355614536059536,0.748474674659247
"237",-1.67076995398564,-2.0575574783185
"238",-1.0220525666321,-1.11773235554456
"239",-0.0984240038730153,-0.116759732638867
"240",-0.622075947242678,-1.34429441545121
"241",-0.707223977282655,-1.22632883089926
"242",2.00199231436416,1.50388197573193
"243",1.56634332844777,1.33191755047098
"244",0.555518223098435,0.687545879996893
"245",-0.313578756296284,-0.0710988802347654
"246",0.220488244965572,0.253673876469562
"247",-0.269464675886887,-0.0221674098442867
"248",1.15176269842483,1.79867832085974
"249",0.407720966824389,0.0723127495200075
"250",1.21054431224628,0.990006384257984
"251",-1.50616621941259,-2.3242180623496
"252",0.269510787717517,0.870488508517
"253",1.03016737497354,1.50442239749295
"254",1.00287402965122,0.781122980285651
"255",-0.374011432125117,-0.140431978127627
"256",-0.991517601327943,-1.16263105832337
"257",-0.196872994169784,-0.147418377624256
"258",-0.336270464635316,-0.262929390604403
"259",1.64652999571362,2.45084194167658
"260",0.723736838425057,1.33722486602497
"261",0.298124223650484,0.752330231438506
"262",-0.379086477526027,-0.383190022002818
"263",-0.0380359898040937,-0.37687454600702
"264",0.162433574006572,0.207023715766376
"265",-0.274612685023052,-0.0116143324117749
"266",2.38408187032797,1.34401787372864
"267",-0.475809215196694,-0.68609477264607
"268",-0.445948593679101,-1.18838394748097
"269",0.283130827100145,0.329842072649318
"270",2.2905644775756,0.833348830170971
"271",1.90309370765214,1.37294071518023
"272",0.174186965035995,0.563946219354575
"273",0.00689580473557823,-0.104234223657079
"274",-1.12109808534915,-1.86368262811351
"275",-0.248506762786717,-0.748137552345458
"276",1.80535529503715,0.739826730252696
"277",0.107496566026232,0.227528970616127
"278",0.705769037789782,1.16592823910778
"279",0.723293961056598,0.0524797663512509
"280",0.95486916112188,0.460749392494939
"281",-0.478250862226942,-0.240098774674678
"282",-0.149221842121609,-0.458188678603977
"283",0.687066988971954,0.569129183408858
"284",-0.264316876854301,-0.241474650543014
"285",0.199760838620543,0.198541662192581
"286",-1.63573264666529,-0.747467419026023
"287",0.215798042975109,0.181761217322744
"288",-0.971830754954454,-0.777099484916629
"289",0.555933290727408,1.0067785115798
"290",0.558991375755712,0.754983471175914
"291",0.917297430853657,1.88088663893377
"292",0.635249054697163,0.332585080232032
"293",-0.0366955454535507,-0.0159924771557506
"294",-0.0114854335275854,0.0531319585521091
"295",3.19843126352618,1.55791049808224
"296",0.87832174967277,1.22801002680103
"297",-1.60841951509243,-0.724170794695442
"298",-0.948247189654233,-2.05311193217175
"299",-0.444972717519793,-1.84123624779725
"300",1.43817754999304,1.72228860135401
"301",-0.305418479301096,-0.0171046834168462
"302",-0.72645624844852,-0.95186591753894
"303",0.74977364699181,0.56739728271255
"304",-0.28423988370361,-0.722660492787017
"305",-1.18501144840707,-0.798436661930935
"306",-0.103573273023488,-0.49004715016209
"307",-2.21185810080756,-2.97661475959782
"308",1.93119033755927,1.33459390089287
"309",-0.400403362276456,-1.38342556953958
"310",-0.24297426789064,-0.0608904783785748
"311",1.93233288332843,0.572441575791034
"312",0.0852778155575788,0.00624894569664167
"313",-0.829742638978457,-0.903892943695467
"314",0.165422072275211,0.148940354926642
"315",-0.579762008226801,-0.303162185086394
"316",-0.886448640519288,-1.25937671283131
"317",-0.801278123952422,-0.5425735651989
"318",-0.0441138425424554,0.199068188417971
"319",-0.651181930341339,-0.595173343273884
"320",-0.935409965462109,-0.313565859147949
"321",-0.424268597510883,-0.371515706698395
"322",1.59508223813099,0.231847729270566
"323",0.0556750845605847,0.0708190700949312
"324",-0.345334307484838,-0.192968719722932
"325",0.140005787773452,0.145361097892715
"326",-0.485527777003452,-0.843540033793571
"327",-0.969680582556827,-0.840374528294079
"328",1.13577763016002,1.23672784417604
"329",-0.90479868517406,-1.06159154193494
"330",0.168485348593072,0.249558585089791
"331",0.52083133684916,0.191459709604418
"332",0.328179655461719,0.115217549635394
"333",0.699310825760245,0.555122096572754
"334",0.928374257739831,1.42542791162279
"335",0.422788965017972,0.697227602331967
"336",-0.266625457304954,-0.57152550031937
"337",0.690625980204517,0.766528593407168
"338",-1.98939846436949,-1.58309873126067
"339",-0.704795895948243,-1.04137194902608
"340",-0.320108095130421,-0.384559692697916
"341",0.920538241111486,0.300507217677364
"342",-0.55654854825557,-0.422278338366074
"343",-0.285444743249925,-0.798742465083251
"344",0.581889603411722,1.07050820181688
"345",-1.43045430107448,-0.802982856924473
"346",-0.364369043201794,-2.14503995014805
"347",-1.0457353158205,-0.456081677881306
"348",-0.95312740602307,-0.919928338562886
"349",0.8011583823028,0.955243244439189
"350",-0.0904055767304949,-0.184543562473595
"351",0.061690036297975,0.519511659321178
"352",1.05118173760292,1.30331764783788
"353",-0.665829213424069,-1.51143787012308
"354",-1.46911080096984,-0.166840447640285
"355",0.46546007475098,0.469513141533216
"356",-0.406855037197034,-1.76574666192922
"357",-0.194564229285025,-0.230253759493122
"358",-0.343115135509283,-0.788499798778226
"359",0.0589963593452581,0.0801274919953039
"360",-0.956418459404499,-0.909450836272658
"361",-1.5337116750931,-2.0260126579057
"362",1.11907612514637,1.43824432624758
"363",-1.15285293081113,-0.249694491260372
"364",0.425110834908371,0.100770299165217
"365",1.74802088189649,0.214651853402136
"366",0.655273025769593,0.795938232068404
"367",-0.025397017870925,-0.447559871262511
"368",-0.458254385046255,-0.289342426398703
"369",0.410518462896475,0.109462627880289
"370",-0.543447764492172,-1.64273307048661
"371",0.262863701641265,0.520866014497534
"372",-1.81234916596506,-1.92207852620904
"373",-1.11575992612371,-1.39206921418655
"374",1.03050778402108,1.37808631600971
"375",-0.649304463898572,-1.39965680265343
"376",0.370872716710426,0.629762297789086
"377",-1.78780760478488,-2.46117085029618
"378",1.32058902552983,1.08868117361362
"379",-0.725926179562968,-0.792893772703079
"380",0.0625696621815639,1.14482873954559
"381",-0.488533311688961,-0.654096208715149
"382",0.722045041492792,0.417292755888148
"383",0.497551253541618,1.17030590790221
"384",0.0142113782813544,0.159173637179397
"385",-1.88739044987286,-0.246894354425546
"386",-0.353103676135492,-0.630463217774347
"387",-0.835655866818146,-0.0170763521115354
"388",0.967084083966266,1.33920281700264
"389",0.761929230490911,1.16813279072917
"390",-0.0170855866017106,-0.237682872770996
"391",0.21496062828888,0.187495878745909
"392",1.23815453899468,1.20853481435139
"393",1.62389850043557,1.51968792294851
"394",-0.263609783404657,0.0507604372921187
"395",0.508014692074286,0.26262276104615
"396",0.590513487739438,1.30549677144492
"397",-0.643465202833328,-0.214734065655522
"398",-1.56440226888966,-1.1712833167673
"399",1.68107982967986,1.14454535758135
"400",0.311287647214411,0.556339447287063
"401",-0.415503410025807,-0.380451312427316
"402",-0.953314453991881,-1.83243439696072
"403",0.116054945232358,0.665598630975503
"404",0.803576864933341,0.727983249624051
"405",-1.02709729293086,-0.703267624969454
"406",-0.0204894384345994,-0.926796311631671
"407",0.837568235355863,2.01620627584905
"408",0.49147260465517,0.348226239624437
"409",2.37157002035378,2.48570874325081
"410",-0.65302477491776,-0.451871573886006
"411",0.462983612175742,2.11084101156673
"412",-0.71269906137981,-0.954427469921067
"413",-0.255981239011209,-0.412571951093616
"414",-1.38964351313767,-1.13142751715513
"415",0.625307983353958,1.12659369991193
"416",0.452300149452591,0.760071255071107
"417",-0.186668189412645,0.00807273477324765
"418",-0.287063456546516,-0.838806621985628
"419",1.60976012210735,1.61623546732418
"420",-0.567582815813238,-1.28791157185717
"421",-0.453591394487675,-0.649828027756599
"422",0.329977616631894,1.10134177717492
"423",1.85409557900678,0.993214091253693
"424",-0.344933647518838,-0.402413694739466
"425",-1.82673575558541,-1.48000609057283
"426",0.553528256955812,0.547278812999762
"427",-0.65755296255447,-0.363477157891934
"428",-0.795431787877641,-0.741939140585897
"429",-0.947534503902171,-0.557307822707234
"430",0.523449274715174,0.552999054674096
"431",-0.491242150674253,-0.751470396762523
"432",0.405789816735589,0.43568621482323
"433",1.42014147666125,1.11209717144989
"434",-1.01489687287197,-0.557718047626329
"435",1.70327621388231,2.76295880527689
"436",0.941740600544198,0.263557504355914
"437",0.842978495285593,0.823729651272186
"438",0.266771629574521,0.388600875051079
"439",1.5633107335658,2.25796547536254
"440",-0.466898116854172,-0.156510549344646
"441",-0.55849395573527,-0.642097906457166
"442",0.384870050501053,0.555503319360649
"443",0.499115216359469,0.678468751685476
"444",0.12555087110268,1.12400481151906
"445",0.301801044696918,0.374913664809356
"446",-0.303664752094286,-1.02723811233469
"447",0.816599826323996,0.17084289354831
"448",0.452811198747701,1.91398406535702
"449",-2.58414296332107,-0.950339392033901
"450",0.909401304208123,1.08920192676641
"451",-2.06223319856807,-1.04547736305344
"452",-1.61634463476543,-1.68315773473028
"453",0.207807312849534,-0.0637266579166245
"454",0.842682541427066,0.662544245451264
"455",-0.27853257232486,-1.80834448107764
"456",-0.085442823410827,-0.895528230408961
"457",0.469168451997181,0.139341013221712
"458",-1.73939671955763,-2.34635629819176
"459",-0.713159797026269,-0.210485478230287
"460",-0.604533508977278,-1.05358367974802
"461",-0.304977751072178,-0.340521082473406
"462",-0.532721482069213,-0.0494154876161456
"463",1.86954458599623,0.0781032416271781
"464",-0.758438381238314,-0.623747408742354
"465",-1.78073554942444,-2.0169800844172
"466",-0.494352813755245,-0.63201809859053
"467",-0.100154440589371,-0.173029702511665
"468",-1.01149871577023,-0.661290182375923
"469",0.850862290439278,0.984354965423184
"470",1.21390057930746,1.41382494122252
"471",-0.0489361560746113,-0.486833411535343
"472",1.25507189312433,0.832771639591507
"473",-0.883548163186541,-0.401339905212796
"474",0.266475559526806,0.121545689859863
"475",-0.134187844782525,-0.523433314659185
"476",-1.90344503954215,-1.03159105545297
"477",0.0140951033933939,-0.0404301732153026
"478",-0.0598228984929474,-1.35365634618185
"479",1.18264232393469,0.114875460701103
"480",0.00635791896352787,-0.832973744523875
"481",-1.49084007809101,-1.43272260999688
"482",-0.0409200721176546,-0.201252489516095
"483",-0.615565439333282,-0.231471127667104
"484",0.0106364312400397,0.127108768328427
"485",-0.256740910136271,-0.0509696005290487
"486",-1.30130121650609,-0.650394563126243
"487",2.184958087683,1.29377350002652
"488",1.0076513022853,1.177328923409
"489",-1.251327204486,-0.248012891961345
"490",-2.37722775728992,-2.13841339643526
"491",-0.244385309418318,-0.00265607555660541
"492",0.257688409802957,0.833485177175278
"493",-1.06057981018411,-0.401929929194058
"494",0.352437312782176,0.67235330261147
"495",-0.0393509275425836,-0.0562415631279539
"496",0.638934721425145,1.56396100726867
"497",0.965235801137912,0.704859472377463
"498",-0.971236135775253,-0.482568763861019
"499",-0.437941480011723,0.241880734169404
"500",0.688839473243336,0.318728896040509
"501",-0.0973284125544014,0.0871514556127313
"502",-0.89080069087323,-0.720055343429549
"503",1.06623493785218,0.211729174228665
"504",-1.32529161023752,-0.669751238118404
"505",-0.451754135945559,-0.15432025982203
"506",0.662616180012244,1.84137049091735
"507",1.41920479304299,1.22249089000991
"508",-0.545571047612264,-0.267163646368127
"509",-1.86041667076426,-1.56622025680661
"510",0.11367186370112,1.14605829616594
"511",1.70660065636802,0.831693899762566
"512",-0.639229097339533,-0.280316712175112
"513",-0.2582425029704,-0.712579134548733
"514",0.344390938313075,0.431863299008903
"515",-0.349296455892729,-0.1330404743455
"516",0.107783525412406,0.420937775453354
"517",-0.0853277855729609,-0.588166403351479
"518",0.70238162502079,0.554238137047708
"519",0.342002783839883,0.737608386523901
"520",1.0854063528561,0.680304342248455
"521",-0.62279591472086,-1.327105291251
"522",-0.241579187613404,-0.150290936273011
"523",0.294803979977568,1.25673151926444
"524",-0.0866043464659942,-0.328109816339566
"525",0.739439858697403,0.251057513996164
"526",0.977891584588042,0.824530355788134
"527",0.129649031089359,0.658817979939311
"528",0.611709788982903,1.22479735842642
"529",0.538698021589497,0.378639061835911
"530",0.141320038020802,1.07001005449029
"531",-0.713204128045953,-0.555766812490751
"532",-0.549340020452025,-0.655001000066418
"533",-0.855094683685804,-1.32118352288579
"534",0.249843872451787,1.02842896756373
"535",-1.31241928288086,-1.20711772353537
"536",1.7236429162093,1.94214001631443
"537",0.703949628230222,0.41898687396732
"538",1.09171937578582,0.857730013891889
"539",0.608390884944949,0.865398062646349
"540",-0.961581319131222,-0.175435860802147
"541",-0.166864408540493,-0.495359154838252
"542",-0.292810760184226,-0.101142733578667
"543",-1.95758607037594,-1.73748728319306
"544",0.493191254339365,0.106834132083306
"545",0.667272300859697,1.09378656121376
"546",0.568413644929183,0.443244362475727
"547",-0.823749586354685,-0.401870518433407
"548",1.58298269274773,1.93726470751482
"549",-0.846707599847627,-0.219315904159322
"550",1.61484617667998,2.0922979737784
"551",0.173371679609985,0.69319757408189
"552",2.18928128266487,0.967110221278724
"553",1.7450150214683,0.646347449141656
"554",-2.31564230942216,-2.9999674666462
"555",2.01886629124629,0.610621094816369
"556",-0.34711301946017,-0.371323858378754
"557",2.30914893356434,0.605328607834476
"558",-0.883317432372722,-1.45892744473373
"559",1.23803844026259,0.992099755939224
"560",-0.75157885660602,-0.966054666733113
"561",0.774693947927989,1.65382268542817
"562",0.244340157152829,1.04633660883252
"563",-0.380062472176877,-1.17108311302583
"564",-0.0056150930063775,-0.0738088917554423
"565",-1.20341954856564,-1.26855058659288
"566",-0.853372830451956,-1.72309830568852
"567",-0.411735054281703,-1.94983317843498
"568",-0.667706700712143,-0.15030412830286
"569",-0.061653962901938,-0.491435254211849
"570",0.26146204446768,0.862673865893428
"571",0.219530662554755,0.21094740099261
"572",-0.399517372727382,-0.057321067149159
"573",0.0264681936149883,-0.117903854657224
"574",0.522550925566938,1.47461910790108
"575",0.122767221297065,0.791289054539017
"576",-1.35180249775978,-0.182631996531255
"577",0.968851105507476,1.39110693655801
"578",-0.338000822604073,-0.208548293472845
"579",0.444866955056934,0.746537689296304
"580",-1.01019729469278,-0.873088722995268
"581",-1.26282664531783,-0.146427641370237
"582",2.55541035878585,1.10593674637631
"583",0.935486616966754,0.571733602999465
"584",-0.934653217021567,-1.22714698854345
"585",1.02160161513997,1.65159540510678
"586",0.773364984180028,0.705149802463998
"587",-1.16339714318975,-1.29904319763008
"588",-0.162174311800173,-0.0453661786281743
"589",0.106216997646605,-0.139907787956985
"590",-2.00327136744275,-1.80147125537513
"591",-0.505007757528612,-1.08151041100844
"592",1.76574370846568,0.947825955259775
"593",1.08314306372268,1.79340912534438
"594",-0.469681076652964,-0.321222099883793
"595",-0.0936265597202586,-0.0320823851300073
"596",1.47095525232624,0.790957086407088
"597",1.2024680784391,1.56432357870254
"598",1.55601808524155,2.04332582137949
"599",0.637103279340601,1.43064999437755
"600",0.552393837332461,0.664482710368401
"601",1.93248898894869,1.90332375463968
"602",-0.499201894539007,-0.00227338653880688
"603",-0.102234411202603,-0.801124877503446
"604",-0.524739005204891,-1.62221332686136
"605",0.693905453711781,1.61188696140211
"606",0.928228801796417,2.32695176968733
"607",0.0825807781595987,0.215980730334952
"608",-1.93769227928634,-0.709137770915815
"609",0.63759445103286,0.851361936034093
"610",-0.387027415150014,-0.13629321602439
"611",-0.562637369740803,-0.990877855739616
"612",-2.23942941032318,-2.35778111486747
"613",-0.439099844090145,-0.546410100543775
"614",1.50647744175824,1.40665842385725
"615",1.17484431460616,0.763563303284725
"616",1.13332749392205,0.628497289733464
"617",-0.0413793014822734,-0.266602227841256
"618",-0.362834988634445,-0.07555033692262
"619",-0.0155408551143969,0.0360379622335809
"620",0.396198562184113,1.55413872255275
"621",-1.38417684250176,-1.44835066594863
"622",-0.325022867701235,-0.539328674343937
"623",-0.381398266226934,-0.511672854909964
"624",1.69803590123033,1.34093211787319
"625",-1.71233176215682,-0.420831375632994
"626",0.361967617454421,0.862641918609152
"627",-0.791309634205458,0.0325162790961658
"628",0.368063735387049,0.299009617521166
"629",0.180632105695051,0.440259429041513
"630",-2.04968919229076,-1.48732540433663
"631",0.434630113901382,0.990360072476343
"632",0.794989707859647,1.22273723765606
"633",0.823323264067326,0.956163274978231
"634",1.47608211877328,2.39328698486496
"635",-1.46273414627877,-1.27232500186055
"636",1.54384203015159,1.68574728775487
"637",2.04638295291124,1.18386732673461
"638",-0.759163865565275,-0.844355185647303
"639",-2.39324537885096,-2.19298842764463
"640",1.09106956828273,0.852489595740526
"641",0.0253903677121058,0.24798071817342
"642",-0.808067334841905,-0.21730518300536
"643",-1.01574055746408,-0.81431987042184
"644",-2.45574305847335,-1.37085410624023
"645",-0.014031143709702,-0.182327323101701
"646",0.944738721687532,1.08436908648192
"647",-1.20864966197805,-0.966958317241535
"648",-0.167363925906904,-0.488826532744357
"649",-0.226484694881232,-0.761776273777291
"650",0.0101539916475885,-0.849708774857088
"651",0.124665421215114,0.960164701019942
"652",-1.26527857097155,-0.10466652097452
"653",0.834456834050407,0.177314631960853
"654",-0.822841861019816,-1.29024449579642
"655",-0.0364993127399338,-0.0574452180975829
"656",-1.35858959623833,-1.76585381922498
"657",-0.181591107628278,-0.346932064458914
"658",-0.0719663074745166,-1.35917657417881
"659",0.534663964602721,0.176438356319357
"660",1.51797849636008,1.31537575659685
"661",1.53452199091863,1.15395163117252
"662",-0.79780787218829,-0.475762842390125
"663",0.216531289271776,1.37102601082302
"664",-0.127595447757498,-1.2694302574689
"665",2.06740520661898,1.32285714614549
"666",-0.566561948358916,-2.00559816856837
"667",0.227403136029346,0.750656180749045
"668",0.0765615380503699,0.350924955269686
"669",0.101074682409791,0.0925902938061756
"670",1.1580851503164,0.719425135532325
"671",-0.457302881713885,-0.566124588817716
"672",-0.143314476708756,-0.0115631781899225
"673",-0.81180960274514,-1.60111509894111
"674",-0.409258365122409,-1.21744940251694
"675",0.00818742417008553,-0.634027955353195
"676",1.84533817672425,1.13009357153882
"677",-1.07362181295642,-0.569732776329929
"678",-1.50168579529809,-0.793535653977347
"679",-0.442300154463698,-0.469242898932132
"680",-0.606034706986757,-0.158962726857583
"681",0.324876733037324,0.731861576293602
"682",1.49352791461176,0.664072619927587
"683",0.707536665730509,0.583359557814734
"684",-0.160158213537947,-0.548652852193428
"685",0.465225145457329,0.069106143047057
"686",-1.02803077309284,-1.26362036240882
"687",-0.328992295665007,-0.604356903042176
"688",-0.381825391610408,-0.576486070094196
"689",1.74562593898368,0.975614665370424
"690",-0.655720843128491,-0.484429779120856
"691",0.109148590102633,1.07577287166553
"692",1.58691717994453,2.14209298661703
"693",-0.170618557364075,-0.0196039537147021
"694",-1.03544630801383,-1.12296577145194
"695",0.507632799129622,0.125018377048162
"696",0.704008993019152,0.294915787440863
"697",-0.605085313787882,-0.961100508511173
"698",1.19844658697816,1.15115630794133
"699",0.245039046628426,0.464261893821482
"700",0.0480904389053382,-0.371388342047444
"701",-0.102942705117062,-0.365787025451896
"702",1.28726029912159,1.86633156866437
"703",-1.72471768704971,-1.35412510728239
"704",-0.776725537428454,-0.692428757328138
"705",-2.63667884197216,-0.624123102418544
"706",-0.507578883902804,-0.392309632677125
"707",-0.794868182822362,-0.482875240041454
"708",0.584139156834313,0.0708813196960043
"709",0.410175480356025,1.70246213211087
"710",0.566263854503116,0.679567587542922
"711",-0.997421555807675,-1.30582069736694
"712",0.602388454649999,0.546375056648848
"713",-0.890686793303961,-0.166379663876892
"714",0.991240222093842,0.652068922902369
"715",0.545501223643156,0.368584259298208
"716",1.32014005470224,1.82147181645362
"717",-0.464223526528649,-0.749945298772785
"718",-0.467936788405168,-0.725683134386538
"719",-1.30018160325689,-1.49030986229193
"720",1.21910904046436,1.23974741532951
"721",-1.38195700475278,-1.90553629565919
"722",-0.609481737470851,-0.472062493024745
"723",-0.0734476417659098,-0.0599685870975025
"724",-0.811031345546343,-0.128903497978726
"725",-1.2023024031043,-0.299428614394585
"726",0.698406746572664,-0.0320930240975998
"727",1.24226770185091,0.965261527359312
"728",1.40797360737958,2.52583662829225
"729",-1.15784284122651,-0.0547203300597316
"730",0.223436888618394,0.373246796805689
"731",-0.352139619497103,-0.142957571950696
"732",0.0787789584265391,-0.195594138778768
"733",1.10443243882881,0.441449077084345
"734",-0.830133700020427,-1.6781158855851
"735",-0.625989660734597,-0.376128742804687
"736",0.02526888701833,0.0604529890949615
"737",0.173787914376808,0.827576420420315
"738",-0.122048391291088,-0.100523914387167
"739",1.42400156922591,0.720088945526662
"740",-0.00812454889970287,1.37705195667019
"741",-0.951402661477366,-1.40992367044618
"742",-2.08664262835904,-1.28225060761546
"743",0.243892249141756,0.39259354317813
"744",-0.140692145385254,-0.518595526974594
"745",0.22507872828645,-0.0124574889797136
"746",-0.163428576425052,0.0544778512584028
"747",-1.66415886283235,-1.40373663943992
"748",0.329594391512583,0.125630561890727
"749",0.0799477917374576,0.291299779311935
"750",-0.978251657328651,-0.434880781834864
"751",-0.497000735018216,-0.552881798370097
"752",-0.539680925170783,-1.05408364986828
"753",-1.53638531387802,-0.837921995375846
"754",-0.729669282594844,-0.121705401160145
"755",-0.560097117247099,-0.645545838835288
"756",-0.694805113079188,-1.08034847864409
"757",-0.859932202249581,-0.905093002497299
"758",0.279067213141109,0.437891650795297
"759",-0.139817021806037,-0.312739905259986
"760",-0.575152386941975,-0.277015000898356
"761",-0.718386252792914,-0.627717101881431
"762",0.596240573242249,0.954324328887154
"763",-0.516027401636661,-0.809075642611395
"764",-0.263137073386483,-0.298881090332308
"765",-1.61686165107135,-0.976493029448577
"766",-1.25910153864772,-0.774446218446882
"767",0.658866479960019,0.62104240755185
"768",0.457194529121429,0.556652990511948
"769",0.00121569592985909,0.30044342722609
"770",-0.86735698807266,-0.614562606780021
"771",0.354253195800531,0.587467945680652
"772",-0.12605390771175,-1.37023694063221
"773",1.26289316946464,1.10926585324485
"774",-0.900529754569611,-1.27527980252156
"775",-2.29636899180667,-1.50511210143315
"776",-1.62313341301876,-1.05748006141394
"777",0.727675191664223,0.174293654838927
"778",-0.572320735478254,-0.636156700012137
"779",-0.871049008370035,-1.35937870931957
"780",0.0137526333504755,-0.146493294821659
"781",-0.260123968984083,-0.344521830378533
"782",0.957963821163948,0.0821923093027611
"783",-1.63685510673787,-0.865632609210007
"784",0.07918092818518,0.654643726043189
"785",-0.596195060139459,-0.506477941313561
"786",0.379979817524385,0.0962193295337526
"787",0.803376546863325,0.884269359454842
"788",0.368240575556616,0.956132064239165
"789",0.121973149239887,0.0521341402156875
"790",0.0849857048319533,0.46314020706185
"791",-0.0236330498070024,0.0144338875252321
"792",0.264339272026586,0.296145438089858
"793",-0.245824361463228,-0.403563820605005
"794",1.68037221378939,1.79406756007036
"795",0.538818643399395,0.0327492107402492
"796",0.844856795006651,0.634299428563713
"797",0.161506558786802,0.786619583316957
"798",-0.561311548747593,-0.588500110212413
"799",0.844912098433164,0.936498577878204
"800",-1.82459937789241,-1.01684574548189
"801",-0.354614784565932,-0.737723264577809
"802",0.228243781922895,0.324634548381547
"803",-0.113712680494238,-0.300994251780302
"804",1.19522806149853,0.198251782173514
"805",0.220571484228985,0.659395538449817
"806",0.380146519231447,0.225132551913648
"807",-0.403841666915155,-0.574965794082114
"808",-0.828835365399669,-0.71494651462985
"809",-1.08847388208065,-1.00352979585995
"810",-0.43843689380378,-0.743849431662141
"811",-0.369790626611944,-0.164124315729214
"812",0.374555549059528,1.55120147006457
"813",-0.50126358803807,-0.818998742351521
"814",0.0828120848490765,0.0610125313942372
"815",0.43676061825619,0.909805487121532
"816",0.0197074302335566,0.332322669688253
"817",0.870702517475199,1.49928105364976
"818",0.643469503900679,0.935526666277951
"819",0.430081666831559,0.60234485218261
"820",0.854567705843125,2.05363968301843
"821",-1.98107061373666,-0.591285192874621
"822",-1.98894164226471,-1.41942364611489
"823",-0.350377978441834,-0.889933913972786
"824",-0.66599139649513,-1.91472648216597
"825",0.797430847915111,0.678926066093534
"826",-0.932346235890076,-0.107584612001216
"827",0.180602105517039,0.913814353478251
"828",1.45994389686491,1.44045935276269
"829",-0.122875566216203,-0.450431056280735
"830",0.443597614020702,0.324061557193201
"831",-0.370334541137868,-0.558445896287796
"832",0.958132548577394,0.423198135150229
"833",-0.107321941754692,-0.694044621017729
"834",-0.686723993013946,-0.566472231949522
"835",-0.502182424293129,-0.884361091535858
"836",0.00241168438970673,-0.335602474823901
"837",0.301514938858885,0.218013679078643
"838",1.7370509496789,2.20180495617525
"839",0.889858097806798,1.17200968752054
"840",0.742926781643704,1.17799409275759
"841",0.529400981728194,0.367747115333609
"842",-0.206203530272349,0.216134414168771
"843",0.221193150395769,-0.0119288800991883
"844",0.608232288160887,0.125913044347864
"845",-1.55226213463733,-1.40537013917472
"846",-0.536677016590083,-1.36434219737298
"847",0.0796958068108881,0.0393767256911484
"848",1.81179600806445,1.34682246563425
"849",0.130758945227571,0.108589869453026
"850",-1.11336998456854,-1.03501384434132
"851",-0.301759086313085,-1.41825021128851
"852",0.320735666664141,0.525101176923212
"853",-0.298026800937908,-1.37131717335074
"854",-0.833810198100479,-0.117775617745443
"855",0.336451573658215,0.656594398178595
"856",0.730314705759814,0.431583865098737
"857",1.11982431546592,0.857796536568335
"858",-0.857858861650533,-0.550055250427206
"859",0.0662198621503946,0.210750844768755
"860",1.74481562558945,1.44240524985256
"861",-2.37519771589086,-1.0348507222774
"862",-1.1015662399552,-0.425020062713148
"863",-0.498993746286328,-0.965173973647124
"864",0.85022273524683,0.00437896783625744
"865",0.539213403073884,0.825259678928197
"866",0.334267479352474,0.600036406272073
"867",-1.05105634853105,-1.48820484278996
"868",-1.34948129077869,-0.810713617849619
"869",-1.66462226169882,-1.31761186752893
"870",0.157413993013287,0.141998343533365
"871",1.12447192250157,0.305611480913735
"872",-1.01561362306234,-0.964079914411029
"873",-0.0232879666168718,-0.0998433273728533
"874",-0.78937908091442,-0.713406888071527
"875",0.225008407094424,0.67611595210497
"876",2.37209591922667,1.13522339749965
"877",1.01889562137028,1.19069805615761
"878",-0.510726764745872,-1.57650295654388
"879",1.29127803874493,0.767332918980557
"880",0.976265458332507,0.5193169584394
"881",0.996010597665715,0.564318258777497
"882",1.93965190961622,2.11014411048879
"883",1.23724272210331,2.17425068781112
"884",-0.696208724798303,-2.74208128937817
"885",1.3171103540423,1.14307743317215
"886",0.33064988540174,1.70708564221068
"887",-1.82514217095794,-0.869677486620316
"888",-0.0410131349687837,-0.6479651952065
"889",-1.83857262720559,-1.43306044462286
"890",0.817164489840507,0.739600904407917
"891",-0.0112669242185679,1.05647686749906
"892",-0.585162106338226,-0.980673345591213
"893",0.990169452640706,1.1299355901063
"894",-0.932375202848706,-0.0138376646364254
"895",1.72514703301956,1.7958079270106
"896",-0.377411434521692,-0.633218290360382
"897",-0.305595302617385,-0.620953604038261
"898",1.67551161488765,0.892694670317249
"899",0.107240713632982,0.0606254722907619
"900",-0.338791308290576,-0.225355819289081
"901",0.747194393062829,0.463809593101862
"902",-0.0308808291479992,-0.182341788591325
"903",1.1707702972453,0.571500812514303
"904",-0.445544355110652,-0.166668347355185
"905",0.614221489718354,1.56999828720016
"906",-0.487454569536425,-0.12965650260482
"907",1.41824816997238,0.59657685126127
"908",1.07970755907608,1.93030874811413
"909",0.827579205522493,0.775752808635463
"910",-0.0498347330738971,0.325920335979219
"911",-1.06120529175703,-0.790607789170049
"912",1.10221846174407,0.399113457859292
"913",-0.882154194731286,-0.280776100095002
"914",-0.383283432989587,-0.487980927854625
"915",-1.66870874201913,-0.311776513523388
"916",-1.92502224224319,-1.31691618403991
"917",0.863693079340159,0.629655132998026
"918",-1.07278714855083,-1.84524999619409
"919",0.254601064554611,0.987360821918312
"920",0.584863060278993,0.384900833190162
"921",-0.238948685833543,-0.586491308030025
"922",-0.897557412844927,-0.654733406672137
"923",0.0481438746750315,0.0673199688789231
"924",0.243198533551799,0.0918344031197071
"925",0.839380171250521,1.17792952454644
"926",-1.81719106173847,-1.22434148889531
"927",0.485888227512163,1.36395101498479
"928",-0.628653382240773,-0.124387315624304
"929",2.22093381440178,0.308389534380071
"930",0.282064360755619,0.48788760605423
"931",-0.421522552532349,-1.09152943342865
"932",1.48563069432432,0.817083446253475
"933",-0.524736252972078,-0.0380989964067196
"934",-1.14421664603402,-0.855235265044583
"935",-0.646490568682661,-1.08833112992314
"936",0.40383914618414,0.210759637078059
"937",-0.467008573585934,-0.832180357814816
"938",1.70612155722322,0.702667730997277
"939",0.622425643012879,0.394018602638832
"940",-0.459923742886057,-0.341352008675985
"941",-0.904991807768628,-0.919747323697838
"942",-0.939983859257527,-0.863898895961584
"943",2.31869796812474,0.964698015806431
"944",-0.656329748742837,-1.74671440916476
"945",-0.520225310828745,-0.205458068120945
"946",-0.12557047359816,-0.58941036931089
"947",1.54788634320714,1.29878730582996
"948",-0.26540034487787,-0.142517868860893
"949",-1.15586315349759,-0.191969128824738
"950",0.462129958518164,0.608626160080707
"951",-0.97292474138253,-0.309694042636825
"952",-0.662946929041496,-1.45453276082357
"953",-0.248948525002267,-0.538630608140783
"954",0.651153902589694,0.269268049036855
"955",0.158481438058779,0.157207861702459
"956",-0.190055005657158,-1.61826068062661
"957",0.616012317584484,0.0242671306413863
"958",1.28049537110119,-0.000936431205381369
"959",-0.332710649738509,-0.170476102693206
"960",-0.582731725657845,-0.433784135668558
"961",1.17844854201561,0.553507729603147
"962",0.175006418080195,1.40643612625053
"963",0.0155097027767515,0.0570531248394787
"964",0.724853542244053,1.00273888591208
"965",0.0168192836030785,-0.306930968163697
"966",0.0425002143118576,0.974918274538647
"967",-0.139000671019965,-0.406289452739455
"968",-0.390194267859579,-0.840080400137549
"969",-0.500075438362863,-0.586416462018825
"970",-0.932736881470471,-1.55283694807543
"971",1.5533259727825,2.48768428297814
"972",0.264806623343943,1.2233033404532
"973",-0.0228864533794217,-0.239374436986595
"974",-0.623831547887513,-1.50229842880001
"975",-0.464529331314943,-0.991541752699438
"976",0.26925779167468,0.185560111704605
"977",-0.53055007454273,-1.52855055153902
"978",-0.245923277034171,-0.769471571505671
"979",-3.08262740156153,-1.31863217496979
"980",-0.464498153077845,-0.727591035831547
"981",0.624728659972348,0.605533823448826
"982",-0.446766956089729,-0.220798554473925
"983",-0.59733041884433,-0.743110003324156
"984",-0.92539707247955,-0.488180380876047
"985",2.00531448259017,2.23230443211596
"986",0.950024979852427,1.16448295856962
"987",-0.423131969695261,-0.821394057823887
"988",1.47528332774065,0.454840555355565
"989",-1.17220493137491,-1.34146359594746
"990",0.632128878420091,1.05793271993168
"991",0.396865531594409,1.6988453975055
"992",1.79586818951479,0.949989256356913
"993",1.00931401468206,0.484923001320115
"994",-0.319428826968518,-0.882632431599321
"995",-0.832107950069584,-0.101296435562404
"996",-0.660947151256483,-0.509024436982015
"997",1.62424357896004,2.21455993209327
"998",0.574766365225521,1.15540739247172
"999",0.045631143367211,0.44233378151466
"1000",0.971862645545563,0.497140566518181
